Employee ID,Grade,Job,Base Pay,Range Min,Range Mid,Range Max,Range Spread,Mid Point Differential,Range Overlap,Compa-Ratio,Range Penetration
200288,1,Sales,23200,27871,34838,41806,49.99999999999999,,80.30017909845371,0.6659394913600092,-0.33519913885898817
200292,1,Engineering,32480,27871,34838,41806,49.99999999999999,,80.30017909845371,0.9323152879040129,0.33074991029781126
200300,1,Management,25810,27871,34838,41806,49.99999999999999,,80.30017909845371,0.7408576841380102,-0.14790096878363831
200304,1,Management,27260,27871,34838,41806,49.99999999999999,,80.30017909845371,0.7824789023480108,-0.04384642985288841
200306,1,Sales,31030,27871,34838,41806,49.99999999999999,,80.30017909845371,0.8906940696940123,0.22669537136706136
200310,1,Engineering,37700,27871,34838,41806,49.99999999999999,,80.30017909845371,1.082151673460015,0.705346250448511
200320,1,Management,25230,27871,34838,41806,49.99999999999999,,80.30017909845371,0.72420919685401,-0.18952278435593828
200324,1,Management,33930,27871,34838,41806,49.99999999999999,,80.30017909845371,0.9739365061140134,0.43480444922856115
200364,1,Management,28420,27871,34838,41806,49.99999999999999,,80.30017909845371,0.8157758769160113,0.039397201291711516
200366,1,Sales,35380,27871,34838,41806,49.99999999999999,,80.30017909845371,1.015557724324014,0.5388589881593111
200370,1,Administration,30450,27871,34838,41806,49.99999999999999,,80.30017909845371,0.8740455824100121,0.1850735557947614
200378,1,Sales,37120,27871,34838,41806,49.99999999999999,,80.30017909845371,1.0655031861760147,0.663724434876211
200382,1,Management,34220,27871,34838,41806,49.99999999999999,,80.30017909845371,0.9822607497560135,0.4556153570147112
200384,1,Sales,26680,27871,34838,41806,49.99999999999999,,80.30017909845371,0.7658304150640106,-0.08546824542518837
200388,1,Administration,28710,27871,34838,41806,49.99999999999999,,80.30017909845371,0.8241001205580114,0.0602081090778615
200394,1,Sales,28130,27871,34838,41806,49.99999999999999,,80.30017909845371,0.8074516332740111,0.018586293505561537
200398,1,Management,28130,27871,34838,41806,49.99999999999999,,80.30017909845371,0.8074516332740111,0.018586293505561537
200400,1,Sales,36250,27871,34838,41806,49.99999999999999,,80.30017909845371,1.0405304552500143,0.6012917115177611
200404,1,Administration,25230,27871,34838,41806,49.99999999999999,,80.30017909845371,0.72420919685401,-0.18952278435593828
200410,1,Sales,26970,27871,34838,41806,49.99999999999999,,80.30017909845371,0.7741546587060106,-0.06465733763903839
200414,1,Management,31900,27871,34838,41806,49.99999999999999,,80.30017909845371,0.9156668006200126,0.2891280947255113
200416,1,Sales,28710,27871,34838,41806,49.99999999999999,,80.30017909845371,0.8241001205580114,0.0602081090778615
200420,1,Administration,23200,27871,34838,41806,49.99999999999999,,80.30017909845371,0.6659394913600092,-0.33519913885898817
200426,1,Sales,25810,27871,34838,41806,49.99999999999999,,80.30017909845371,0.7408576841380102,-0.14790096878363831
200430,1,Management,30740,27871,34838,41806,49.99999999999999,,80.30017909845371,0.8823698260520122,0.20588446358091136
200432,1,Sales,24650,27871,34838,41806,49.99999999999999,,80.30017909845371,0.7075607095700097,-0.23114459992823824
200436,1,Administration,30160,27871,34838,41806,49.99999999999999,,80.30017909845371,0.8657213387680119,0.1642626480086114
200442,1,Sales,29290,27871,34838,41806,49.99999999999999,,80.30017909845371,0.8407486078420116,0.10182992465016147
200446,1,Management,29290,27871,34838,41806,49.99999999999999,,80.30017909845371,0.8407486078420116,0.10182992465016147
200448,1,Sales,30450,27871,34838,41806,49.99999999999999,,80.30017909845371,0.8740455824100121,0.1850735557947614
200452,1,Administration,27550,27871,34838,41806,49.99999999999999,,80.30017909845371,0.7908031459900109,-0.02303552206673843
200458,1,Sales,38280,27871,34838,41806,49.99999999999999,,80.30017909845371,1.0988001607440152,0.7469680660208109
200462,1,Management,33640,27871,34838,41806,49.99999999999999,,80.30017909845371,0.9656122624720134,0.4139935414424112
200464,1,Sales,29290,27871,34838,41806,49.99999999999999,,80.30017909845371,0.8407486078420116,0.10182992465016147
200468,1,Administration,37410,27871,34838,41806,49.99999999999999,,80.30017909845371,1.0738274298180148,0.6845353426623609
200474,1,Sales,24940,27871,34838,41806,49.99999999999999,,80.30017909845371,0.7158849532120098,-0.21033369214208827
200478,1,Management,23200,27871,34838,41806,49.99999999999999,,80.30017909845371,0.6659394913600092,-0.33519913885898817
200480,1,Sales,28710,27871,34838,41806,49.99999999999999,,80.30017909845371,0.8241001205580114,0.0602081090778615
200484,1,Administration,37700,27871,34838,41806,49.99999999999999,,80.30017909845371,1.082151673460015,0.705346250448511
200490,1,Sales,38280,27871,34838,41806,49.99999999999999,,80.30017909845371,1.0988001607440152,0.7469680660208109
200494,1,Management,26970,27871,34838,41806,49.99999999999999,,80.30017909845371,0.7741546587060106,-0.06465733763903839
200496,1,Sales,34800,27871,34838,41806,49.99999999999999,,80.30017909845371,0.9989092370400138,0.4972371725870111
200500,1,Administration,38570,27871,34838,41806,49.99999999999999,,80.30017909845371,1.1071244043860153,0.7677789738069609
200506,1,Sales,30740,27871,34838,41806,49.99999999999999,,80.30017909845371,0.8823698260520122,0.20588446358091136
200510,1,Management,33930,27871,34838,41806,49.99999999999999,,80.30017909845371,0.9739365061140134,0.43480444922856115
200512,1,Sales,35670,27871,34838,41806,49.99999999999999,,80.30017909845371,1.023881967966014,0.559669895945461
200516,1,Administration,22910,27871,34838,41806,49.99999999999999,,80.30017909845371,0.657615247718009,-0.35601004664513813
200522,1,Sales,33640,27871,34838,41806,49.99999999999999,,80.30017909845371,0.9656122624720134,0.4139935414424112
200526,1,Management,32190,27871,34838,41806,49.99999999999999,,80.30017909845371,0.9239910442620127,0.3099390025116613
200528,1,Sales,25810,27871,34838,41806,49.99999999999999,,80.30017909845371,0.7408576841380102,-0.14790096878363831
200532,1,Administration,25520,27871,34838,41806,49.99999999999999,,80.30017909845371,0.7325334404960101,-0.1687118765697883
200538,1,Sales,26680,27871,34838,41806,49.99999999999999,,80.30017909845371,0.7658304150640106,-0.08546824542518837
200542,1,Management,28130,27871,34838,41806,49.99999999999999,,80.30017909845371,0.8074516332740111,0.018586293505561537
200544,1,Sales,26680,27871,34838,41806,49.99999999999999,,80.30017909845371,0.7658304150640106,-0.08546824542518837
200548,1,Administration,35960,27871,34838,41806,49.99999999999999,,80.30017909845371,1.0322062116080142,0.580480803731611
200554,1,Sales,34510,27871,34838,41806,49.99999999999999,,80.30017909845371,0.9905849933980136,0.47642626480086114
200558,1,Management,33640,27871,34838,41806,49.99999999999999,,80.30017909845371,0.9656122624720134,0.4139935414424112
200560,1,Sales,35960,27871,34838,41806,49.99999999999999,,80.30017909845371,1.0322062116080142,0.580480803731611
200564,1,Administration,34220,27871,34838,41806,49.99999999999999,,80.30017909845371,0.9822607497560135,0.4556153570147112
200572,1,Sales,26970,27871,34838,41806,49.99999999999999,,80.30017909845371,0.7741546587060106,-0.06465733763903839
200576,1,Management,29870,27871,34838,41806,49.99999999999999,,80.30017909845371,0.8573970951260118,0.14345174022246143
200578,1,Sales,26100,27871,34838,41806,49.99999999999999,,80.30017909845371,0.7491819277800104,-0.12709006099748835
200582,1,Administration,26680,27871,34838,41806,49.99999999999999,,80.30017909845371,0.7658304150640106,-0.08546824542518837
200592,1,Sales,34510,27871,34838,41806,49.99999999999999,,80.30017909845371,0.9905849933980136,0.47642626480086114
200596,1,Management,28710,27871,34838,41806,49.99999999999999,,80.30017909845371,0.8241001205580114,0.0602081090778615
200598,1,Sales,28420,27871,34838,41806,49.99999999999999,,80.30017909845371,0.8157758769160113,0.039397201291711516
200602,1,Administration,24650,27871,34838,41806,49.99999999999999,,80.30017909845371,0.7075607095700097,-0.23114459992823824
200612,1,Sales,28420,27871,34838,41806,49.99999999999999,,80.30017909845371,0.8157758769160113,0.039397201291711516
200616,1,Management,37990,27871,34838,41806,49.99999999999999,,80.30017909845371,1.090475917102015,0.7261571582346609
200618,1,Sales,28710,27871,34838,41806,49.99999999999999,,80.30017909845371,0.8241001205580114,0.0602081090778615
200622,1,Administration,29000,27871,34838,41806,49.99999999999999,,80.30017909845371,0.8324243642000115,0.08101901686401149
200632,1,Sales,27260,27871,34838,41806,49.99999999999999,,80.30017909845371,0.7824789023480108,-0.04384642985288841
200636,1,Management,27550,27871,34838,41806,49.99999999999999,,80.30017909845371,0.7908031459900109,-0.02303552206673843
200638,1,Sales,35960,27871,34838,41806,49.99999999999999,,80.30017909845371,1.0322062116080142,0.580480803731611
200642,1,Administration,37120,27871,34838,41806,49.99999999999999,,80.30017909845371,1.0655031861760147,0.663724434876211
200652,1,Sales,28710,27871,34838,41806,49.99999999999999,,80.30017909845371,0.8241001205580114,0.0602081090778615
200656,1,Management,30450,27871,34838,41806,49.99999999999999,,80.30017909845371,0.8740455824100121,0.1850735557947614
200658,1,Sales,23200,27871,34838,41806,49.99999999999999,,80.30017909845371,0.6659394913600092,-0.33519913885898817
200950,1,Management,34800,27871,34838,41806,49.99999999999999,,80.30017909845371,0.9989092370400138,0.4972371725870111
200958,1,Sales,28710,27871,34838,41806,49.99999999999999,,80.30017909845371,0.8241001205580114,0.0602081090778615
200962,1,Management,30450,27871,34838,41806,49.99999999999999,,80.30017909845371,0.8740455824100121,0.1850735557947614
200964,1,Sales,23200,27871,34838,41806,49.99999999999999,,80.30017909845371,0.6659394913600092,-0.33519913885898817
201256,1,Management,34800,27871,34838,41806,49.99999999999999,,80.30017909845371,0.9989092370400138,0.4972371725870111
200016,2,Management,28133,30616,38269,45923,49.99999999999999,9.849910450773148,78.13261420301653,0.7351381013352845,-0.1622133664336578
200020,2,Management,41093,30616,38269,45923,49.99999999999999,9.849910450773148,78.13261420301653,1.0737934098095063,0.6844580910694453
200022,2,Management,41725,30616,38269,45923,49.99999999999999,9.849910450773148,78.13261420301653,1.0903080822597926,0.7257463905402757
200024,2,Administration,34771,30616,38269,45923,49.99999999999999,9.849910450773148,78.13261420301653,0.9085944236849669,0.27144443718560135
200030,2,Engineering,40461,30616,38269,45923,49.99999999999999,9.849910450773148,78.13261420301653,1.0572787373592203,0.643169791598615
200036,2,Engineering,25920,30616,38269,45923,49.99999999999999,9.849910450773148,78.13261420301653,0.6773106169484439,-0.3067877441693343
200038,2,Sales,30346,30616,38269,45923,49.99999999999999,9.849910450773148,78.13261420301653,0.7929655857221249,-0.017638988697981316
200040,2,Operations,39829,30616,38269,45923,49.99999999999999,9.849910450773148,78.13261420301653,1.040764064908934,0.6018814921277846
200042,2,Sales,27817,30616,38269,45923,49.99999999999999,9.849910450773148,78.13261420301653,0.7268807651101413,-0.18285751616907298
200044,2,Administration,27817,30616,38269,45923,49.99999999999999,9.849910450773148,78.13261420301653,0.7268807651101413,-0.18285751616907298
200046,2,Operations,30346,30616,38269,45923,49.99999999999999,9.849910450773148,78.13261420301653,0.7929655857221249,-0.017638988697981316
200048,2,Management,33823,30616,38269,45923,49.99999999999999,9.849910450773148,78.13261420301653,0.8838224150095377,0.20951198797935586
200050,2,Management,26869,30616,38269,45923,49.99999999999999,9.849910450773148,78.13261420301653,0.7021087564347122,-0.24478996537531847
200054,2,Administration,35403,30616,38269,45923,49.99999999999999,9.849910450773148,78.13261420301653,0.925109096135253,0.3127327366564317
200066,2,Management,38248,30616,38269,45923,49.99999999999999,9.849910450773148,78.13261420301653,0.9994512529723797,0.49859541386293854
200068,2,Engineering,25920,30616,38269,45923,49.99999999999999,9.849910450773148,78.13261420301653,0.6773106169484439,-0.3067877441693343
200070,2,Management,31294,30616,38269,45923,49.99999999999999,9.849910450773148,78.13261420301653,0.8177375943975541,0.044293460508264194
200072,2,Sales,25288,30616,38269,45923,49.99999999999999,9.849910450773148,78.13261420301653,0.6607959444981578,-0.34807604364016465
200074,2,Administration,37300,30616,38269,45923,49.99999999999999,9.849910450773148,78.13261420301653,0.9746792442969505,0.436662964656693
200080,2,Sales,26236,30616,38269,45923,49.99999999999999,9.849910450773148,78.13261420301653,0.685567953173587,-0.2861435944339191
200082,2,Administration,28449,30616,38269,45923,49.99999999999999,9.849910450773148,78.13261420301653,0.7433954375604275,-0.14156921669824263
200086,2,Management,40145,30616,38269,45923,49.99999999999999,9.849910450773148,78.13261420301653,1.0490214011340773,0.6225256418631998
200088,2,Engineering,35403,30616,38269,45923,49.99999999999999,9.849910450773148,78.13261420301653,0.925109096135253,0.3127327366564317
200090,2,Management,29081,30616,38269,45923,49.99999999999999,9.849910450773148,78.13261420301653,0.7599101100107136,-0.1002809172274123
200092,2,Administration,28765,30616,38269,45923,49.99999999999999,9.849910450773148,78.13261420301653,0.7516527737855706,-0.12092506696282747
200094,2,Management,38880,30616,38269,45923,49.99999999999999,9.849910450773148,78.13261420301653,1.0159659254226658,0.5398837133337688
200096,2,Engineering,34771,30616,38269,45923,49.99999999999999,9.849910450773148,78.13261420301653,0.9085944236849669,0.27144443718560135
200098,2,Management,26236,30616,38269,45923,49.99999999999999,9.849910450773148,78.13261420301653,0.685567953173587,-0.2861435944339191
200100,2,Administration,37300,30616,38269,45923,49.99999999999999,9.849910450773148,78.13261420301653,0.9746792442969505,0.436662964656693
200102,2,Operations,40145,30616,38269,45923,49.99999999999999,9.849910450773148,78.13261420301653,1.0490214011340773,0.6225256418631998
200104,2,Management,30030,30616,38269,45923,49.99999999999999,9.849910450773148,78.13261420301653,0.7847082494969819,-0.03828313843339649
200106,2,Sales,35403,30616,38269,45923,49.99999999999999,9.849910450773148,78.13261420301653,0.925109096135253,0.3127327366564317
200108,2,Administration,26869,30616,38269,45923,49.99999999999999,9.849910450773148,78.13261420301653,0.7021087564347122,-0.24478996537531847
200110,2,Operations,30662,30616,38269,45923,49.99999999999999,9.849910450773148,78.13261420301653,0.8012229219472681,0.003005161037433854
200112,2,Management,29397,30616,38269,45923,49.99999999999999,9.849910450773148,78.13261420301653,0.7681674462358566,-0.07963676749199712
200114,2,Engineering,30978,30616,38269,45923,49.99999999999999,9.849910450773148,78.13261420301653,0.8094802581724111,0.023649310772849024
200116,2,Management,37300,30616,38269,45923,49.99999999999999,9.849910450773148,78.13261420301653,0.9746792442969505,0.436662964656693
200118,2,Administration,33507,30616,38269,45923,49.99999999999999,9.849910450773148,78.13261420301653,0.8755650787843947,0.18886783824394068
200120,2,Operations,30978,30616,38269,45923,49.99999999999999,9.849910450773148,78.13261420301653,0.8094802581724111,0.023649310772849024
200122,2,Management,30030,30616,38269,45923,49.99999999999999,9.849910450773148,78.13261420301653,0.7847082494969819,-0.03828313843339649
200126,2,Management,31610,30616,38269,45923,49.99999999999999,9.849910450773148,78.13261420301653,0.8259949306226972,0.06493761024367936
200128,2,Administration,34455,30616,38269,45923,49.99999999999999,9.849910450773148,78.13261420301653,0.9003370874598239,0.2508002874501862
200130,2,Operations,33823,30616,38269,45923,49.99999999999999,9.849910450773148,78.13261420301653,0.8838224150095377,0.20951198797935586
200134,2,Engineering,31610,30616,38269,45923,49.99999999999999,9.849910450773148,78.13261420301653,0.8259949306226972,0.06493761024367936
200136,2,Management,42357,30616,38269,45923,49.99999999999999,9.849910450773148,78.13261420301653,1.1068227547100786,0.767034690011106
200138,2,Sales,35087,30616,38269,45923,49.99999999999999,9.849910450773148,78.13261420301653,0.91685175991011,0.2920885869210165
200140,2,Administration,28133,30616,38269,45923,49.99999999999999,9.849910450773148,78.13261420301653,0.7351381013352845,-0.1622133664336578
200142,2,Operations,24972,30616,38269,45923,49.99999999999999,9.849910450773148,78.13261420301653,0.6525386082730147,-0.3687201933755798
200144,2,Management,42041,30616,38269,45923,49.99999999999999,9.849910450773148,78.13261420301653,1.0985654184849356,0.7463905402756909
200146,2,Engineering,36668,30616,38269,45923,49.99999999999999,9.849910450773148,78.13261420301653,0.9581645718466644,0.3953746651858627
200148,2,Management,25920,30616,38269,45923,49.99999999999999,9.849910450773148,78.13261420301653,0.6773106169484439,-0.3067877441693343
200150,2,Administration,28449,30616,38269,45923,49.99999999999999,9.849910450773148,78.13261420301653,0.7433954375604275,-0.14156921669824263
200166,2,Sales,33191,30616,38269,45923,49.99999999999999,9.849910450773148,78.13261420301653,0.8673077425592516,0.1682236885085255
200180,2,Engineering,28449,30616,38269,45923,49.99999999999999,9.849910450773148,78.13261420301653,0.7433954375604275,-0.14156921669824263
200182,2,Sales,25604,30616,38269,45923,49.99999999999999,9.849910450773148,78.13261420301653,0.6690532807233008,-0.32743189390474947
200184,2,Administration,26552,30616,38269,45923,49.99999999999999,9.849910450773148,78.13261420301653,0.69382528939873,-0.26549944469850395
200186,2,Management,34139,30616,38269,45923,49.99999999999999,9.849910450773148,78.13261420301653,0.8920797512346809,0.23015613771477103
200188,2,Engineering,28765,30616,38269,45923,49.99999999999999,9.849910450773148,78.13261420301653,0.7516527737855706,-0.12092506696282747
200190,2,Sales,26236,30616,38269,45923,49.99999999999999,9.849910450773148,78.13261420301653,0.685567953173587,-0.2861435944339191
200192,2,Administration,26236,30616,38269,45923,49.99999999999999,9.849910450773148,78.13261420301653,0.685567953173587,-0.2861435944339191
200194,2,Operations,39196,30616,38269,45923,49.99999999999999,9.849910450773148,78.13261420301653,1.0242232616478089,0.560527863069184
200196,2,Management,29713,30616,38269,45923,49.99999999999999,9.849910450773148,78.13261420301653,0.7764247824609998,-0.058992617756581954
200198,2,Engineering,41409,30616,38269,45923,49.99999999999999,9.849910450773148,78.13261420301653,1.0820507460346493,0.7051022408048605
200200,2,Management,31294,30616,38269,45923,49.99999999999999,9.849910450773148,78.13261420301653,0.8177375943975541,0.044293460508264194
200202,2,Sales,30030,30616,38269,45923,49.99999999999999,9.849910450773148,78.13261420301653,0.7847082494969819,-0.03828313843339649
200204,2,Administration,27501,30616,38269,45923,49.99999999999999,9.849910450773148,78.13261420301653,0.7186234288849983,-0.20350166590448815
200206,2,Operations,38248,30616,38269,45923,49.99999999999999,9.849910450773148,78.13261420301653,0.9994512529723797,0.49859541386293854
200208,2,Management,41409,30616,38269,45923,49.99999999999999,9.849910450773148,78.13261420301653,1.0820507460346493,0.7051022408048605
200210,2,Operations,26236,30616,38269,45923,49.99999999999999,9.849910450773148,78.13261420301653,0.685567953173587,-0.2861435944339191
200212,2,Management,39513,30616,38269,45923,49.99999999999999,9.849910450773148,78.13261420301653,1.032506728683791,0.5812373423923695
200214,2,Engineering,30978,30616,38269,45923,49.99999999999999,9.849910450773148,78.13261420301653,0.8094802581724111,0.023649310772849024
200216,2,Administration,39196,30616,38269,45923,49.99999999999999,9.849910450773148,78.13261420301653,1.0242232616478089,0.560527863069184
200218,2,Operations,30030,30616,38269,45923,49.99999999999999,9.849910450773148,78.13261420301653,0.7847082494969819,-0.03828313843339649
200220,2,Management,36352,30616,38269,45923,49.99999999999999,9.849910450773148,78.13261420301653,0.9499072356215214,0.3747305154504475
200222,2,Sales,42041,30616,38269,45923,49.99999999999999,9.849910450773148,78.13261420301653,1.0985654184849356,0.7463905402756909
200224,2,Operations,40145,30616,38269,45923,49.99999999999999,9.849910450773148,78.13261420301653,1.0490214011340773,0.6225256418631998
200226,2,Management,31294,30616,38269,45923,49.99999999999999,9.849910450773148,78.13261420301653,0.8177375943975541,0.044293460508264194
200228,2,Management,31610,30616,38269,45923,49.99999999999999,9.849910450773148,78.13261420301653,0.8259949306226972,0.06493761024367936
200230,2,Sales,36035,30616,38269,45923,49.99999999999999,9.849910450773148,78.13261420301653,0.9416237685855392,0.35402103612726205
200232,2,Administration,32558,30616,38269,45923,49.99999999999999,9.849910450773148,78.13261420301653,0.8507669392981264,0.12687005944992488
200234,2,Operations,41093,30616,38269,45923,49.99999999999999,9.849910450773148,78.13261420301653,1.0737934098095063,0.6844580910694453
200236,2,Management,25920,30616,38269,45923,49.99999999999999,9.849910450773148,78.13261420301653,0.6773106169484439,-0.3067877441693343
200238,2,Management,27185,30616,38269,45923,49.99999999999999,9.849910450773148,78.13261420301653,0.7103660926598553,-0.22414581563990332
200240,2,Operations,37616,30616,38269,45923,49.99999999999999,9.849910450773148,78.13261420301653,0.9829365805220937,0.4573071143921082
200242,2,Management,32558,30616,38269,45923,49.99999999999999,9.849910450773148,78.13261420301653,0.8507669392981264,0.12687005944992488
200244,2,Engineering,39829,30616,38269,45923,49.99999999999999,9.849910450773148,78.13261420301653,1.040764064908934,0.6018814921277846
200246,2,Administration,30030,30616,38269,45923,49.99999999999999,9.849910450773148,78.13261420301653,0.7847082494969819,-0.03828313843339649
200248,2,Operations,25920,30616,38269,45923,49.99999999999999,9.849910450773148,78.13261420301653,0.6773106169484439,-0.3067877441693343
200250,2,Management,32242,30616,38269,45923,49.99999999999999,9.849910450773148,78.13261420301653,0.8425096030729834,0.1062259097145097
200252,2,Administration,28133,30616,38269,45923,49.99999999999999,9.849910450773148,78.13261420301653,0.7351381013352845,-0.1622133664336578
200254,2,Operations,33191,30616,38269,45923,49.99999999999999,9.849910450773148,78.13261420301653,0.8673077425592516,0.1682236885085255
200258,2,Engineering,26552,30616,38269,45923,49.99999999999999,9.849910450773148,78.13261420301653,0.69382528939873,-0.26549944469850395
200264,2,Operations,35087,30616,38269,45923,49.99999999999999,9.849910450773148,78.13261420301653,0.91685175991011,0.2920885869210165
200270,2,Sales,38880,30616,38269,45923,49.99999999999999,9.849910450773148,78.13261420301653,1.0159659254226658,0.5398837133337688
200274,2,Operations,36984,30616,38269,45923,49.99999999999999,9.849910450773148,78.13261420301653,0.9664219080718075,0.41601881492127785
200278,2,Engineering,37932,30616,38269,45923,49.99999999999999,9.849910450773148,78.13261420301653,0.9911939167472367,0.47795126412752337
200280,2,Operations,37300,30616,38269,45923,49.99999999999999,9.849910450773148,78.13261420301653,0.9746792442969505,0.436662964656693
200282,2,Sales,42041,30616,38269,45923,49.99999999999999,9.849910450773148,78.13261420301653,1.0985654184849356,0.7463905402756909
200284,2,Operations,37932,30616,38269,45923,49.99999999999999,9.849910450773148,78.13261420301653,0.9911939167472367,0.47795126412752337
200286,2,Engineering,32558,30616,38269,45923,49.99999999999999,9.849910450773148,78.13261420301653,0.8507669392981264,0.12687005944992488
200290,2,Operations,26869,30616,38269,45923,49.99999999999999,9.849910450773148,78.13261420301653,0.7021087564347122,-0.24478996537531847
200294,2,Sales,39196,30616,38269,45923,49.99999999999999,9.849910450773148,78.13261420301653,1.0242232616478089,0.560527863069184
200298,2,Operations,27817,30616,38269,45923,49.99999999999999,9.849910450773148,78.13261420301653,0.7268807651101413,-0.18285751616907298
200302,2,Engineering,25920,30616,38269,45923,49.99999999999999,9.849910450773148,78.13261420301653,0.6773106169484439,-0.3067877441693343
200308,2,Operations,38880,30616,38269,45923,49.99999999999999,9.849910450773148,78.13261420301653,1.0159659254226658,0.5398837133337688
200314,2,Sales,26552,30616,38269,45923,49.99999999999999,9.849910450773148,78.13261420301653,0.69382528939873,-0.26549944469850395
200318,2,Operations,27185,30616,38269,45923,49.99999999999999,9.849910450773148,78.13261420301653,0.7103660926598553,-0.22414581563990332
200322,2,Engineering,31926,30616,38269,45923,49.99999999999999,9.849910450773148,78.13261420301653,0.8342522668478403,0.08558175997909453
200328,2,Operations,37300,30616,38269,45923,49.99999999999999,9.849910450773148,78.13261420301653,0.9746792442969505,0.436662964656693
200334,2,Sales,29397,30616,38269,45923,49.99999999999999,9.849910450773148,78.13261420301653,0.7681674462358566,-0.07963676749199712
200338,2,Management,35719,30616,38269,45923,49.99999999999999,9.849910450773148,78.13261420301653,0.9333664323603962,0.33337688639184687
200342,2,Administration,40461,30616,38269,45923,49.99999999999999,9.849910450773148,78.13261420301653,1.0572787373592203,0.643169791598615
200348,2,Management,40777,30616,38269,45923,49.99999999999999,9.849910450773148,78.13261420301653,1.0655360735843633,0.6638139413340302
200354,2,Sales,35403,30616,38269,45923,49.99999999999999,9.849910450773148,78.13261420301653,0.925109096135253,0.3127327366564317
200358,2,Management,41725,30616,38269,45923,49.99999999999999,9.849910450773148,78.13261420301653,1.0903080822597926,0.7257463905402757
200362,2,Administration,28449,30616,38269,45923,49.99999999999999,9.849910450773148,78.13261420301653,0.7433954375604275,-0.14156921669824263
200368,2,Management,25604,30616,38269,45923,49.99999999999999,9.849910450773148,78.13261420301653,0.6690532807233008,-0.32743189390474947
200374,2,Sales,42357,30616,38269,45923,49.99999999999999,9.849910450773148,78.13261420301653,1.1068227547100786,0.767034690011106
200376,2,Management,30662,30616,38269,45923,49.99999999999999,9.849910450773148,78.13261420301653,0.8012229219472681,0.003005161037433854
200380,2,Administration,32874,30616,38269,45923,49.99999999999999,9.849910450773148,78.13261420301653,0.8590242755232694,0.14751420918534003
200386,2,Management,29713,30616,38269,45923,49.99999999999999,9.849910450773148,78.13261420301653,0.7764247824609998,-0.058992617756581954
200390,2,Sales,32874,30616,38269,45923,49.99999999999999,9.849910450773148,78.13261420301653,0.8590242755232694,0.14751420918534003
200392,2,Management,36984,30616,38269,45923,49.99999999999999,9.849910450773148,78.13261420301653,0.9664219080718075,0.41601881492127785
200396,2,Administration,36668,30616,38269,45923,49.99999999999999,9.849910450773148,78.13261420301653,0.9581645718466644,0.3953746651858627
200402,2,Management,27817,30616,38269,45923,49.99999999999999,9.849910450773148,78.13261420301653,0.7268807651101413,-0.18285751616907298
200406,2,Sales,42357,30616,38269,45923,49.99999999999999,9.849910450773148,78.13261420301653,1.1068227547100786,0.767034690011106
200408,2,Management,41725,30616,38269,45923,49.99999999999999,9.849910450773148,78.13261420301653,1.0903080822597926,0.7257463905402757
200412,2,Administration,37616,30616,38269,45923,49.99999999999999,9.849910450773148,78.13261420301653,0.9829365805220937,0.4573071143921082
200418,2,Management,28133,30616,38269,45923,49.99999999999999,9.849910450773148,78.13261420301653,0.7351381013352845,-0.1622133664336578
200422,2,Sales,38248,30616,38269,45923,49.99999999999999,9.849910450773148,78.13261420301653,0.9994512529723797,0.49859541386293854
200424,2,Management,34139,30616,38269,45923,49.99999999999999,9.849910450773148,78.13261420301653,0.8920797512346809,0.23015613771477103
200428,2,Administration,30662,30616,38269,45923,49.99999999999999,9.849910450773148,78.13261420301653,0.8012229219472681,0.003005161037433854
200434,2,Management,36668,30616,38269,45923,49.99999999999999,9.849910450773148,78.13261420301653,0.9581645718466644,0.3953746651858627
200438,2,Sales,34771,30616,38269,45923,49.99999999999999,9.849910450773148,78.13261420301653,0.9085944236849669,0.27144443718560135
200440,2,Management,29713,30616,38269,45923,49.99999999999999,9.849910450773148,78.13261420301653,0.7764247824609998,-0.058992617756581954
200444,2,Administration,26552,30616,38269,45923,49.99999999999999,9.849910450773148,78.13261420301653,0.69382528939873,-0.26549944469850395
200450,2,Management,28449,30616,38269,45923,49.99999999999999,9.849910450773148,78.13261420301653,0.7433954375604275,-0.14156921669824263
200454,2,Sales,36035,30616,38269,45923,49.99999999999999,9.849910450773148,78.13261420301653,0.9416237685855392,0.35402103612726205
200456,2,Management,33507,30616,38269,45923,49.99999999999999,9.849910450773148,78.13261420301653,0.8755650787843947,0.18886783824394068
200460,2,Administration,38880,30616,38269,45923,49.99999999999999,9.849910450773148,78.13261420301653,1.0159659254226658,0.5398837133337688
200466,2,Management,27817,30616,38269,45923,49.99999999999999,9.849910450773148,78.13261420301653,0.7268807651101413,-0.18285751616907298
200470,2,Sales,36984,30616,38269,45923,49.99999999999999,9.849910450773148,78.13261420301653,0.9664219080718075,0.41601881492127785
200472,2,Management,32558,30616,38269,45923,49.99999999999999,9.849910450773148,78.13261420301653,0.8507669392981264,0.12687005944992488
200476,2,Administration,32242,30616,38269,45923,49.99999999999999,9.849910450773148,78.13261420301653,0.8425096030729834,0.1062259097145097
200482,2,Management,33507,30616,38269,45923,49.99999999999999,9.849910450773148,78.13261420301653,0.8755650787843947,0.18886783824394068
200486,2,Sales,34771,30616,38269,45923,49.99999999999999,9.849910450773148,78.13261420301653,0.9085944236849669,0.27144443718560135
200488,2,Management,27501,30616,38269,45923,49.99999999999999,9.849910450773148,78.13261420301653,0.7186234288849983,-0.20350166590448815
200492,2,Administration,33507,30616,38269,45923,49.99999999999999,9.849910450773148,78.13261420301653,0.8755650787843947,0.18886783824394068
200498,2,Management,26552,30616,38269,45923,49.99999999999999,9.849910450773148,78.13261420301653,0.69382528939873,-0.26549944469850395
200502,2,Sales,30030,30616,38269,45923,49.99999999999999,9.849910450773148,78.13261420301653,0.7847082494969819,-0.03828313843339649
200504,2,Management,32558,30616,38269,45923,49.99999999999999,9.849910450773148,78.13261420301653,0.8507669392981264,0.12687005944992488
200508,2,Administration,30346,30616,38269,45923,49.99999999999999,9.849910450773148,78.13261420301653,0.7929655857221249,-0.017638988697981316
200514,2,Management,38564,30616,38269,45923,49.99999999999999,9.849910450773148,78.13261420301653,1.0077085891975228,0.5192395635983537
200518,2,Sales,39829,30616,38269,45923,49.99999999999999,9.849910450773148,78.13261420301653,1.040764064908934,0.6018814921277846
200520,2,Management,34139,30616,38269,45923,49.99999999999999,9.849910450773148,78.13261420301653,0.8920797512346809,0.23015613771477103
200524,2,Administration,32558,30616,38269,45923,49.99999999999999,9.849910450773148,78.13261420301653,0.8507669392981264,0.12687005944992488
200530,2,Management,31926,30616,38269,45923,49.99999999999999,9.849910450773148,78.13261420301653,0.8342522668478403,0.08558175997909453
200534,2,Sales,41725,30616,38269,45923,49.99999999999999,9.849910450773148,78.13261420301653,1.0903080822597926,0.7257463905402757
200536,2,Management,26552,30616,38269,45923,49.99999999999999,9.849910450773148,78.13261420301653,0.69382528939873,-0.26549944469850395
200540,2,Administration,26552,30616,38269,45923,49.99999999999999,9.849910450773148,78.13261420301653,0.69382528939873,-0.26549944469850395
200546,2,Management,29713,30616,38269,45923,49.99999999999999,9.849910450773148,78.13261420301653,0.7764247824609998,-0.058992617756581954
200550,2,Sales,36668,30616,38269,45923,49.99999999999999,9.849910450773148,78.13261420301653,0.9581645718466644,0.3953746651858627
200552,2,Management,28133,30616,38269,45923,49.99999999999999,9.849910450773148,78.13261420301653,0.7351381013352845,-0.1622133664336578
200556,2,Administration,28133,30616,38269,45923,49.99999999999999,9.849910450773148,78.13261420301653,0.7351381013352845,-0.1622133664336578
200562,2,Management,37616,30616,38269,45923,49.99999999999999,9.849910450773148,78.13261420301653,0.9829365805220937,0.4573071143921082
200566,2,Sales,33191,30616,38269,45923,49.99999999999999,9.849910450773148,78.13261420301653,0.8673077425592516,0.1682236885085255
200570,2,Management,27501,30616,38269,45923,49.99999999999999,9.849910450773148,78.13261420301653,0.7186234288849983,-0.20350166590448815
200574,2,Administration,39829,30616,38269,45923,49.99999999999999,9.849910450773148,78.13261420301653,1.040764064908934,0.6018814921277846
200580,2,Management,42357,30616,38269,45923,49.99999999999999,9.849910450773148,78.13261420301653,1.1068227547100786,0.767034690011106
200586,2,Sales,26869,30616,38269,45923,49.99999999999999,9.849910450773148,78.13261420301653,0.7021087564347122,-0.24478996537531847
200590,2,Management,32242,30616,38269,45923,49.99999999999999,9.849910450773148,78.13261420301653,0.8425096030729834,0.1062259097145097
200594,2,Administration,26236,30616,38269,45923,49.99999999999999,9.849910450773148,78.13261420301653,0.685567953173587,-0.2861435944339191
200600,2,Management,41093,30616,38269,45923,49.99999999999999,9.849910450773148,78.13261420301653,1.0737934098095063,0.6844580910694453
200606,2,Sales,28765,30616,38269,45923,49.99999999999999,9.849910450773148,78.13261420301653,0.7516527737855706,-0.12092506696282747
200610,2,Management,35087,30616,38269,45923,49.99999999999999,9.849910450773148,78.13261420301653,0.91685175991011,0.2920885869210165
200614,2,Administration,26236,30616,38269,45923,49.99999999999999,9.849910450773148,78.13261420301653,0.685567953173587,-0.2861435944339191
200620,2,Management,37300,30616,38269,45923,49.99999999999999,9.849910450773148,78.13261420301653,0.9746792442969505,0.436662964656693
200626,2,Sales,34139,30616,38269,45923,49.99999999999999,9.849910450773148,78.13261420301653,0.8920797512346809,0.23015613771477103
200630,2,Management,37616,30616,38269,45923,49.99999999999999,9.849910450773148,78.13261420301653,0.9829365805220937,0.4573071143921082
200634,2,Administration,27501,30616,38269,45923,49.99999999999999,9.849910450773148,78.13261420301653,0.7186234288849983,-0.20350166590448815
200640,2,Management,39829,30616,38269,45923,49.99999999999999,9.849910450773148,78.13261420301653,1.040764064908934,0.6018814921277846
200646,2,Sales,35403,30616,38269,45923,49.99999999999999,9.849910450773148,78.13261420301653,0.925109096135253,0.3127327366564317
200650,2,Management,32242,30616,38269,45923,49.99999999999999,9.849910450773148,78.13261420301653,0.8425096030729834,0.1062259097145097
200654,2,Administration,40777,30616,38269,45923,49.99999999999999,9.849910450773148,78.13261420301653,1.0655360735843633,0.6638139413340302
200676,2,Sales,33507,30616,38269,45923,49.99999999999999,9.849910450773148,78.13261420301653,0.8755650787843947,0.18886783824394068
200680,2,Administration,33191,30616,38269,45923,49.99999999999999,9.849910450773148,78.13261420301653,0.8673077425592516,0.1682236885085255
200682,2,Sales,25288,30616,38269,45923,49.99999999999999,9.849910450773148,78.13261420301653,0.6607959444981578,-0.34807604364016465
200684,2,Management,30030,30616,38269,45923,49.99999999999999,9.849910450773148,78.13261420301653,0.7847082494969819,-0.03828313843339649
200690,2,Management,29081,30616,38269,45923,49.99999999999999,9.849910450773148,78.13261420301653,0.7599101100107136,-0.1002809172274123
200696,2,Management,31926,30616,38269,45923,49.99999999999999,9.849910450773148,78.13261420301653,0.8342522668478403,0.08558175997909453
200698,2,Administration,34771,30616,38269,45923,49.99999999999999,9.849910450773148,78.13261420301653,0.9085944236849669,0.27144443718560135
200700,2,Sales,34139,30616,38269,45923,49.99999999999999,9.849910450773148,78.13261420301653,0.8920797512346809,0.23015613771477103
200702,2,Administration,40777,30616,38269,45923,49.99999999999999,9.849910450773148,78.13261420301653,1.0655360735843633,0.6638139413340302
200704,2,Management,28765,30616,38269,45923,49.99999999999999,9.849910450773148,78.13261420301653,0.7516527737855706,-0.12092506696282747
200706,2,Sales,26236,30616,38269,45923,49.99999999999999,9.849910450773148,78.13261420301653,0.685567953173587,-0.2861435944339191
200708,2,Administration,40145,30616,38269,45923,49.99999999999999,9.849910450773148,78.13261420301653,1.0490214011340773,0.6225256418631998
200710,2,Sales,26236,30616,38269,45923,49.99999999999999,9.849910450773148,78.13261420301653,0.685567953173587,-0.2861435944339191
200714,2,Management,36984,30616,38269,45923,49.99999999999999,9.849910450773148,78.13261420301653,0.9664219080718075,0.41601881492127785
200726,2,Administration,38248,30616,38269,45923,49.99999999999999,9.849910450773148,78.13261420301653,0.9994512529723797,0.49859541386293854
200728,2,Management,32558,30616,38269,45923,49.99999999999999,9.849910450773148,78.13261420301653,0.8507669392981264,0.12687005944992488
200730,2,Sales,42041,30616,38269,45923,49.99999999999999,9.849910450773148,78.13261420301653,1.0985654184849356,0.7463905402756909
200732,2,Administration,39196,30616,38269,45923,49.99999999999999,9.849910450773148,78.13261420301653,1.0242232616478089,0.560527863069184
200734,2,Management,34455,30616,38269,45923,49.99999999999999,9.849910450773148,78.13261420301653,0.9003370874598239,0.2508002874501862
200740,2,Administration,30978,30616,38269,45923,49.99999999999999,9.849910450773148,78.13261420301653,0.8094802581724111,0.023649310772849024
200742,2,Management,26869,30616,38269,45923,49.99999999999999,9.849910450773148,78.13261420301653,0.7021087564347122,-0.24478996537531847
200746,2,Administration,27185,30616,38269,45923,49.99999999999999,9.849910450773148,78.13261420301653,0.7103660926598553,-0.22414581563990332
200748,2,Management,41725,30616,38269,45923,49.99999999999999,9.849910450773148,78.13261420301653,1.0903080822597926,0.7257463905402757
200750,2,Sales,32874,30616,38269,45923,49.99999999999999,9.849910450773148,78.13261420301653,0.8590242755232694,0.14751420918534003
200752,2,Management,26869,30616,38269,45923,49.99999999999999,9.849910450773148,78.13261420301653,0.7021087564347122,-0.24478996537531847
200754,2,Administration,33507,30616,38269,45923,49.99999999999999,9.849910450773148,78.13261420301653,0.8755650787843947,0.18886783824394068
200756,2,Management,35087,30616,38269,45923,49.99999999999999,9.849910450773148,78.13261420301653,0.91685175991011,0.2920885869210165
200758,2,Sales,38248,30616,38269,45923,49.99999999999999,9.849910450773148,78.13261420301653,0.9994512529723797,0.49859541386293854
200760,2,Management,33191,30616,38269,45923,49.99999999999999,9.849910450773148,78.13261420301653,0.8673077425592516,0.1682236885085255
200762,2,Sales,35403,30616,38269,45923,49.99999999999999,9.849910450773148,78.13261420301653,0.925109096135253,0.3127327366564317
200764,2,Administration,32874,30616,38269,45923,49.99999999999999,9.849910450773148,78.13261420301653,0.8590242755232694,0.14751420918534003
200766,2,Administration,33191,30616,38269,45923,49.99999999999999,9.849910450773148,78.13261420301653,0.8673077425592516,0.1682236885085255
200768,2,Management,35403,30616,38269,45923,49.99999999999999,9.849910450773148,78.13261420301653,0.925109096135253,0.3127327366564317
200770,2,Sales,30030,30616,38269,45923,49.99999999999999,9.849910450773148,78.13261420301653,0.7847082494969819,-0.03828313843339649
200772,2,Administration,28765,30616,38269,45923,49.99999999999999,9.849910450773148,78.13261420301653,0.7516527737855706,-0.12092506696282747
200774,2,Management,42357,30616,38269,45923,49.99999999999999,9.849910450773148,78.13261420301653,1.1068227547100786,0.767034690011106
200776,2,Sales,24972,30616,38269,45923,49.99999999999999,9.849910450773148,78.13261420301653,0.6525386082730147,-0.3687201933755798
200778,2,Management,30030,30616,38269,45923,49.99999999999999,9.849910450773148,78.13261420301653,0.7847082494969819,-0.03828313843339649
200780,2,Sales,27185,30616,38269,45923,49.99999999999999,9.849910450773148,78.13261420301653,0.7103660926598553,-0.22414581563990332
200782,2,Administration,41725,30616,38269,45923,49.99999999999999,9.849910450773148,78.13261420301653,1.0903080822597926,0.7257463905402757
200786,2,Sales,36668,30616,38269,45923,49.99999999999999,9.849910450773148,78.13261420301653,0.9581645718466644,0.3953746651858627
200788,2,Management,42357,30616,38269,45923,49.99999999999999,9.849910450773148,78.13261420301653,1.1068227547100786,0.767034690011106
200790,2,Sales,28765,30616,38269,45923,49.99999999999999,9.849910450773148,78.13261420301653,0.7516527737855706,-0.12092506696282747
200792,2,Administration,40777,30616,38269,45923,49.99999999999999,9.849910450773148,78.13261420301653,1.0655360735843633,0.6638139413340302
200796,2,Sales,24972,30616,38269,45923,49.99999999999999,9.849910450773148,78.13261420301653,0.6525386082730147,-0.3687201933755798
200798,2,Administration,36035,30616,38269,45923,49.99999999999999,9.849910450773148,78.13261420301653,0.9416237685855392,0.35402103612726205
200800,2,Management,38248,30616,38269,45923,49.99999999999999,9.849910450773148,78.13261420301653,0.9994512529723797,0.49859541386293854
200802,2,Sales,42357,30616,38269,45923,49.99999999999999,9.849910450773148,78.13261420301653,1.1068227547100786,0.767034690011106
200804,2,Administration,39829,30616,38269,45923,49.99999999999999,9.849910450773148,78.13261420301653,1.040764064908934,0.6018814921277846
200806,2,Management,27185,30616,38269,45923,49.99999999999999,9.849910450773148,78.13261420301653,0.7103660926598553,-0.22414581563990332
200808,2,Sales,33191,30616,38269,45923,49.99999999999999,9.849910450773148,78.13261420301653,0.8673077425592516,0.1682236885085255
200810,2,Administration,40777,30616,38269,45923,49.99999999999999,9.849910450773148,78.13261420301653,1.0655360735843633,0.6638139413340302
200812,2,Sales,36984,30616,38269,45923,49.99999999999999,9.849910450773148,78.13261420301653,0.9664219080718075,0.41601881492127785
200828,2,Management,39513,30616,38269,45923,49.99999999999999,9.849910450773148,78.13261420301653,1.032506728683791,0.5812373423923695
200842,2,Sales,41725,30616,38269,45923,49.99999999999999,9.849910450773148,78.13261420301653,1.0903080822597926,0.7257463905402757
200844,2,Management,41409,30616,38269,45923,49.99999999999999,9.849910450773148,78.13261420301653,1.0820507460346493,0.7051022408048605
200846,2,Sales,30662,30616,38269,45923,49.99999999999999,9.849910450773148,78.13261420301653,0.8012229219472681,0.003005161037433854
200848,2,Management,31926,30616,38269,45923,49.99999999999999,9.849910450773148,78.13261420301653,0.8342522668478403,0.08558175997909453
200850,2,Sales,41725,30616,38269,45923,49.99999999999999,9.849910450773148,78.13261420301653,1.0903080822597926,0.7257463905402757
200852,2,Management,28133,30616,38269,45923,49.99999999999999,9.849910450773148,78.13261420301653,0.7351381013352845,-0.1622133664336578
200854,2,Sales,29397,30616,38269,45923,49.99999999999999,9.849910450773148,78.13261420301653,0.7681674462358566,-0.07963676749199712
200856,2,Administration,34455,30616,38269,45923,49.99999999999999,9.849910450773148,78.13261420301653,0.9003370874598239,0.2508002874501862
200858,2,Management,31926,30616,38269,45923,49.99999999999999,9.849910450773148,78.13261420301653,0.8342522668478403,0.08558175997909453
200860,2,Sales,33823,30616,38269,45923,49.99999999999999,9.849910450773148,78.13261420301653,0.8838224150095377,0.20951198797935586
200862,2,Administration,37616,30616,38269,45923,49.99999999999999,9.849910450773148,78.13261420301653,0.9829365805220937,0.4573071143921082
200864,2,Management,34771,30616,38269,45923,49.99999999999999,9.849910450773148,78.13261420301653,0.9085944236849669,0.27144443718560135
200866,2,Sales,33823,30616,38269,45923,49.99999999999999,9.849910450773148,78.13261420301653,0.8838224150095377,0.20951198797935586
200868,2,Administration,31610,30616,38269,45923,49.99999999999999,9.849910450773148,78.13261420301653,0.8259949306226972,0.06493761024367936
200870,2,Management,31294,30616,38269,45923,49.99999999999999,9.849910450773148,78.13261420301653,0.8177375943975541,0.044293460508264194
200872,2,Administration,36352,30616,38269,45923,49.99999999999999,9.849910450773148,78.13261420301653,0.9499072356215214,0.3747305154504475
200874,2,Management,34455,30616,38269,45923,49.99999999999999,9.849910450773148,78.13261420301653,0.9003370874598239,0.2508002874501862
200876,2,Sales,41725,30616,38269,45923,49.99999999999999,9.849910450773148,78.13261420301653,1.0903080822597926,0.7257463905402757
200878,2,Sales,38880,30616,38269,45923,49.99999999999999,9.849910450773148,78.13261420301653,1.0159659254226658,0.5398837133337688
200880,2,Administration,40145,30616,38269,45923,49.99999999999999,9.849910450773148,78.13261420301653,1.0490214011340773,0.6225256418631998
200882,2,Management,30978,30616,38269,45923,49.99999999999999,9.849910450773148,78.13261420301653,0.8094802581724111,0.023649310772849024
200884,2,Management,35719,30616,38269,45923,49.99999999999999,9.849910450773148,78.13261420301653,0.9333664323603962,0.33337688639184687
200886,2,Administration,40777,30616,38269,45923,49.99999999999999,9.849910450773148,78.13261420301653,1.0655360735843633,0.6638139413340302
200888,2,Management,35719,30616,38269,45923,49.99999999999999,9.849910450773148,78.13261420301653,0.9333664323603962,0.33337688639184687
200890,2,Administration,39513,30616,38269,45923,49.99999999999999,9.849910450773148,78.13261420301653,1.032506728683791,0.5812373423923695
200892,2,Management,31926,30616,38269,45923,49.99999999999999,9.849910450773148,78.13261420301653,0.8342522668478403,0.08558175997909453
200894,2,Sales,42357,30616,38269,45923,49.99999999999999,9.849910450773148,78.13261420301653,1.1068227547100786,0.767034690011106
200896,2,Administration,29713,30616,38269,45923,49.99999999999999,9.849910450773148,78.13261420301653,0.7764247824609998,-0.058992617756581954
200898,2,Management,36035,30616,38269,45923,49.99999999999999,9.849910450773148,78.13261420301653,0.9416237685855392,0.35402103612726205
200900,2,Administration,37932,30616,38269,45923,49.99999999999999,9.849910450773148,78.13261420301653,0.9911939167472367,0.47795126412752337
200902,2,Administration,29081,30616,38269,45923,49.99999999999999,9.849910450773148,78.13261420301653,0.7599101100107136,-0.1002809172274123
200904,2,Management,39829,30616,38269,45923,49.99999999999999,9.849910450773148,78.13261420301653,1.040764064908934,0.6018814921277846
200906,2,Sales,42357,30616,38269,45923,49.99999999999999,9.849910450773148,78.13261420301653,1.1068227547100786,0.767034690011106
200908,2,Sales,25920,30616,38269,45923,49.99999999999999,9.849910450773148,78.13261420301653,0.6773106169484439,-0.3067877441693343
200910,2,Administration,27501,30616,38269,45923,49.99999999999999,9.849910450773148,78.13261420301653,0.7186234288849983,-0.20350166590448815
200912,2,Management,25920,30616,38269,45923,49.99999999999999,9.849910450773148,78.13261420301653,0.6773106169484439,-0.3067877441693343
200914,2,Sales,36035,30616,38269,45923,49.99999999999999,9.849910450773148,78.13261420301653,0.9416237685855392,0.35402103612726205
200916,2,Administration,31610,30616,38269,45923,49.99999999999999,9.849910450773148,78.13261420301653,0.8259949306226972,0.06493761024367936
200920,2,Sales,25604,30616,38269,45923,49.99999999999999,9.849910450773148,78.13261420301653,0.6690532807233008,-0.32743189390474947
200926,2,Administration,32242,30616,38269,45923,49.99999999999999,9.849910450773148,78.13261420301653,0.8425096030729834,0.1062259097145097
200932,2,Management,32874,30616,38269,45923,49.99999999999999,9.849910450773148,78.13261420301653,0.8590242755232694,0.14751420918534003
200936,2,Administration,36035,30616,38269,45923,49.99999999999999,9.849910450773148,78.13261420301653,0.9416237685855392,0.35402103612726205
200940,2,Sales,27817,30616,38269,45923,49.99999999999999,9.849910450773148,78.13261420301653,0.7268807651101413,-0.18285751616907298
200942,2,Administration,36984,30616,38269,45923,49.99999999999999,9.849910450773148,78.13261420301653,0.9664219080718075,0.41601881492127785
200944,2,Management,25920,30616,38269,45923,49.99999999999999,9.849910450773148,78.13261420301653,0.6773106169484439,-0.3067877441693343
200946,2,Administration,37300,30616,38269,45923,49.99999999999999,9.849910450773148,78.13261420301653,0.9746792442969505,0.436662964656693
200948,2,Sales,25604,30616,38269,45923,49.99999999999999,9.849910450773148,78.13261420301653,0.6690532807233008,-0.32743189390474947
200952,2,Administration,40145,30616,38269,45923,49.99999999999999,9.849910450773148,78.13261420301653,1.0490214011340773,0.6225256418631998
200956,2,Management,32242,30616,38269,45923,49.99999999999999,9.849910450773148,78.13261420301653,0.8425096030729834,0.1062259097145097
200960,2,Administration,40777,30616,38269,45923,49.99999999999999,9.849910450773148,78.13261420301653,1.0655360735843633,0.6638139413340302
200982,2,Sales,33507,30616,38269,45923,49.99999999999999,9.849910450773148,78.13261420301653,0.8755650787843947,0.18886783824394068
200986,2,Administration,33191,30616,38269,45923,49.99999999999999,9.849910450773148,78.13261420301653,0.8673077425592516,0.1682236885085255
200988,2,Sales,25288,30616,38269,45923,49.99999999999999,9.849910450773148,78.13261420301653,0.6607959444981578,-0.34807604364016465
200990,2,Management,30030,30616,38269,45923,49.99999999999999,9.849910450773148,78.13261420301653,0.7847082494969819,-0.03828313843339649
200996,2,Management,29081,30616,38269,45923,49.99999999999999,9.849910450773148,78.13261420301653,0.7599101100107136,-0.1002809172274123
201002,2,Management,31926,30616,38269,45923,49.99999999999999,9.849910450773148,78.13261420301653,0.8342522668478403,0.08558175997909453
201004,2,Administration,34771,30616,38269,45923,49.99999999999999,9.849910450773148,78.13261420301653,0.9085944236849669,0.27144443718560135
201006,2,Sales,34139,30616,38269,45923,49.99999999999999,9.849910450773148,78.13261420301653,0.8920797512346809,0.23015613771477103
201008,2,Administration,40777,30616,38269,45923,49.99999999999999,9.849910450773148,78.13261420301653,1.0655360735843633,0.6638139413340302
201010,2,Management,28765,30616,38269,45923,49.99999999999999,9.849910450773148,78.13261420301653,0.7516527737855706,-0.12092506696282747
201012,2,Sales,26236,30616,38269,45923,49.99999999999999,9.849910450773148,78.13261420301653,0.685567953173587,-0.2861435944339191
201014,2,Administration,40145,30616,38269,45923,49.99999999999999,9.849910450773148,78.13261420301653,1.0490214011340773,0.6225256418631998
201016,2,Sales,26236,30616,38269,45923,49.99999999999999,9.849910450773148,78.13261420301653,0.685567953173587,-0.2861435944339191
201020,2,Management,36984,30616,38269,45923,49.99999999999999,9.849910450773148,78.13261420301653,0.9664219080718075,0.41601881492127785
201032,2,Administration,38248,30616,38269,45923,49.99999999999999,9.849910450773148,78.13261420301653,0.9994512529723797,0.49859541386293854
201034,2,Management,32558,30616,38269,45923,49.99999999999999,9.849910450773148,78.13261420301653,0.8507669392981264,0.12687005944992488
201036,2,Sales,42041,30616,38269,45923,49.99999999999999,9.849910450773148,78.13261420301653,1.0985654184849356,0.7463905402756909
201038,2,Administration,39196,30616,38269,45923,49.99999999999999,9.849910450773148,78.13261420301653,1.0242232616478089,0.560527863069184
201040,2,Management,34455,30616,38269,45923,49.99999999999999,9.849910450773148,78.13261420301653,0.9003370874598239,0.2508002874501862
201046,2,Administration,30978,30616,38269,45923,49.99999999999999,9.849910450773148,78.13261420301653,0.8094802581724111,0.023649310772849024
201048,2,Management,26869,30616,38269,45923,49.99999999999999,9.849910450773148,78.13261420301653,0.7021087564347122,-0.24478996537531847
201052,2,Administration,27185,30616,38269,45923,49.99999999999999,9.849910450773148,78.13261420301653,0.7103660926598553,-0.22414581563990332
201054,2,Management,41725,30616,38269,45923,49.99999999999999,9.849910450773148,78.13261420301653,1.0903080822597926,0.7257463905402757
201056,2,Sales,32874,30616,38269,45923,49.99999999999999,9.849910450773148,78.13261420301653,0.8590242755232694,0.14751420918534003
201058,2,Management,26869,30616,38269,45923,49.99999999999999,9.849910450773148,78.13261420301653,0.7021087564347122,-0.24478996537531847
201060,2,Administration,33507,30616,38269,45923,49.99999999999999,9.849910450773148,78.13261420301653,0.8755650787843947,0.18886783824394068
201062,2,Management,35087,30616,38269,45923,49.99999999999999,9.849910450773148,78.13261420301653,0.91685175991011,0.2920885869210165
201064,2,Sales,38248,30616,38269,45923,49.99999999999999,9.849910450773148,78.13261420301653,0.9994512529723797,0.49859541386293854
201066,2,Management,33191,30616,38269,45923,49.99999999999999,9.849910450773148,78.13261420301653,0.8673077425592516,0.1682236885085255
201068,2,Sales,35403,30616,38269,45923,49.99999999999999,9.849910450773148,78.13261420301653,0.925109096135253,0.3127327366564317
201070,2,Administration,32874,30616,38269,45923,49.99999999999999,9.849910450773148,78.13261420301653,0.8590242755232694,0.14751420918534003
201072,2,Administration,33191,30616,38269,45923,49.99999999999999,9.849910450773148,78.13261420301653,0.8673077425592516,0.1682236885085255
201074,2,Management,35403,30616,38269,45923,49.99999999999999,9.849910450773148,78.13261420301653,0.925109096135253,0.3127327366564317
201076,2,Sales,30030,30616,38269,45923,49.99999999999999,9.849910450773148,78.13261420301653,0.7847082494969819,-0.03828313843339649
201078,2,Administration,28765,30616,38269,45923,49.99999999999999,9.849910450773148,78.13261420301653,0.7516527737855706,-0.12092506696282747
201080,2,Management,42357,30616,38269,45923,49.99999999999999,9.849910450773148,78.13261420301653,1.1068227547100786,0.767034690011106
201082,2,Sales,24972,30616,38269,45923,49.99999999999999,9.849910450773148,78.13261420301653,0.6525386082730147,-0.3687201933755798
201084,2,Management,30030,30616,38269,45923,49.99999999999999,9.849910450773148,78.13261420301653,0.7847082494969819,-0.03828313843339649
201086,2,Sales,27185,30616,38269,45923,49.99999999999999,9.849910450773148,78.13261420301653,0.7103660926598553,-0.22414581563990332
201088,2,Administration,41725,30616,38269,45923,49.99999999999999,9.849910450773148,78.13261420301653,1.0903080822597926,0.7257463905402757
201092,2,Sales,36668,30616,38269,45923,49.99999999999999,9.849910450773148,78.13261420301653,0.9581645718466644,0.3953746651858627
201094,2,Management,42357,30616,38269,45923,49.99999999999999,9.849910450773148,78.13261420301653,1.1068227547100786,0.767034690011106
201096,2,Sales,28765,30616,38269,45923,49.99999999999999,9.849910450773148,78.13261420301653,0.7516527737855706,-0.12092506696282747
201098,2,Administration,40777,30616,38269,45923,49.99999999999999,9.849910450773148,78.13261420301653,1.0655360735843633,0.6638139413340302
201102,2,Sales,24972,30616,38269,45923,49.99999999999999,9.849910450773148,78.13261420301653,0.6525386082730147,-0.3687201933755798
201104,2,Administration,36035,30616,38269,45923,49.99999999999999,9.849910450773148,78.13261420301653,0.9416237685855392,0.35402103612726205
201106,2,Management,38248,30616,38269,45923,49.99999999999999,9.849910450773148,78.13261420301653,0.9994512529723797,0.49859541386293854
201108,2,Sales,42357,30616,38269,45923,49.99999999999999,9.849910450773148,78.13261420301653,1.1068227547100786,0.767034690011106
201110,2,Administration,39829,30616,38269,45923,49.99999999999999,9.849910450773148,78.13261420301653,1.040764064908934,0.6018814921277846
201112,2,Management,27185,30616,38269,45923,49.99999999999999,9.849910450773148,78.13261420301653,0.7103660926598553,-0.22414581563990332
201114,2,Sales,33191,30616,38269,45923,49.99999999999999,9.849910450773148,78.13261420301653,0.8673077425592516,0.1682236885085255
201116,2,Administration,40777,30616,38269,45923,49.99999999999999,9.849910450773148,78.13261420301653,1.0655360735843633,0.6638139413340302
201118,2,Sales,36984,30616,38269,45923,49.99999999999999,9.849910450773148,78.13261420301653,0.9664219080718075,0.41601881492127785
201134,2,Management,39513,30616,38269,45923,49.99999999999999,9.849910450773148,78.13261420301653,1.032506728683791,0.5812373423923695
201148,2,Sales,41725,30616,38269,45923,49.99999999999999,9.849910450773148,78.13261420301653,1.0903080822597926,0.7257463905402757
201150,2,Management,41409,30616,38269,45923,49.99999999999999,9.849910450773148,78.13261420301653,1.0820507460346493,0.7051022408048605
201152,2,Sales,30662,30616,38269,45923,49.99999999999999,9.849910450773148,78.13261420301653,0.8012229219472681,0.003005161037433854
201154,2,Management,31926,30616,38269,45923,49.99999999999999,9.849910450773148,78.13261420301653,0.8342522668478403,0.08558175997909453
201156,2,Sales,41725,30616,38269,45923,49.99999999999999,9.849910450773148,78.13261420301653,1.0903080822597926,0.7257463905402757
201158,2,Management,28133,30616,38269,45923,49.99999999999999,9.849910450773148,78.13261420301653,0.7351381013352845,-0.1622133664336578
201160,2,Sales,29397,30616,38269,45923,49.99999999999999,9.849910450773148,78.13261420301653,0.7681674462358566,-0.07963676749199712
201162,2,Administration,34455,30616,38269,45923,49.99999999999999,9.849910450773148,78.13261420301653,0.9003370874598239,0.2508002874501862
201164,2,Management,31926,30616,38269,45923,49.99999999999999,9.849910450773148,78.13261420301653,0.8342522668478403,0.08558175997909453
201166,2,Sales,33823,30616,38269,45923,49.99999999999999,9.849910450773148,78.13261420301653,0.8838224150095377,0.20951198797935586
201168,2,Administration,37616,30616,38269,45923,49.99999999999999,9.849910450773148,78.13261420301653,0.9829365805220937,0.4573071143921082
201170,2,Management,34771,30616,38269,45923,49.99999999999999,9.849910450773148,78.13261420301653,0.9085944236849669,0.27144443718560135
201172,2,Sales,33823,30616,38269,45923,49.99999999999999,9.849910450773148,78.13261420301653,0.8838224150095377,0.20951198797935586
201174,2,Administration,31610,30616,38269,45923,49.99999999999999,9.849910450773148,78.13261420301653,0.8259949306226972,0.06493761024367936
201176,2,Management,31294,30616,38269,45923,49.99999999999999,9.849910450773148,78.13261420301653,0.8177375943975541,0.044293460508264194
201178,2,Administration,36352,30616,38269,45923,49.99999999999999,9.849910450773148,78.13261420301653,0.9499072356215214,0.3747305154504475
201180,2,Management,34455,30616,38269,45923,49.99999999999999,9.849910450773148,78.13261420301653,0.9003370874598239,0.2508002874501862
201182,2,Sales,41725,30616,38269,45923,49.99999999999999,9.849910450773148,78.13261420301653,1.0903080822597926,0.7257463905402757
201184,2,Sales,38880,30616,38269,45923,49.99999999999999,9.849910450773148,78.13261420301653,1.0159659254226658,0.5398837133337688
201186,2,Administration,40145,30616,38269,45923,49.99999999999999,9.849910450773148,78.13261420301653,1.0490214011340773,0.6225256418631998
201188,2,Management,30978,30616,38269,45923,49.99999999999999,9.849910450773148,78.13261420301653,0.8094802581724111,0.023649310772849024
201190,2,Management,35719,30616,38269,45923,49.99999999999999,9.849910450773148,78.13261420301653,0.9333664323603962,0.33337688639184687
201192,2,Administration,40777,30616,38269,45923,49.99999999999999,9.849910450773148,78.13261420301653,1.0655360735843633,0.6638139413340302
201194,2,Management,35719,30616,38269,45923,49.99999999999999,9.849910450773148,78.13261420301653,0.9333664323603962,0.33337688639184687
201196,2,Administration,39513,30616,38269,45923,49.99999999999999,9.849910450773148,78.13261420301653,1.032506728683791,0.5812373423923695
201198,2,Management,31926,30616,38269,45923,49.99999999999999,9.849910450773148,78.13261420301653,0.8342522668478403,0.08558175997909453
201200,2,Sales,42357,30616,38269,45923,49.99999999999999,9.849910450773148,78.13261420301653,1.1068227547100786,0.767034690011106
201202,2,Administration,29713,30616,38269,45923,49.99999999999999,9.849910450773148,78.13261420301653,0.7764247824609998,-0.058992617756581954
201204,2,Management,36035,30616,38269,45923,49.99999999999999,9.849910450773148,78.13261420301653,0.9416237685855392,0.35402103612726205
201206,2,Administration,37932,30616,38269,45923,49.99999999999999,9.849910450773148,78.13261420301653,0.9911939167472367,0.47795126412752337
201208,2,Administration,29081,30616,38269,45923,49.99999999999999,9.849910450773148,78.13261420301653,0.7599101100107136,-0.1002809172274123
201210,2,Management,39829,30616,38269,45923,49.99999999999999,9.849910450773148,78.13261420301653,1.040764064908934,0.6018814921277846
201212,2,Sales,42357,30616,38269,45923,49.99999999999999,9.849910450773148,78.13261420301653,1.1068227547100786,0.767034690011106
201214,2,Sales,25920,30616,38269,45923,49.99999999999999,9.849910450773148,78.13261420301653,0.6773106169484439,-0.3067877441693343
201216,2,Administration,27501,30616,38269,45923,49.99999999999999,9.849910450773148,78.13261420301653,0.7186234288849983,-0.20350166590448815
201218,2,Management,25920,30616,38269,45923,49.99999999999999,9.849910450773148,78.13261420301653,0.6773106169484439,-0.3067877441693343
201220,2,Sales,36035,30616,38269,45923,49.99999999999999,9.849910450773148,78.13261420301653,0.9416237685855392,0.35402103612726205
201222,2,Administration,31610,30616,38269,45923,49.99999999999999,9.849910450773148,78.13261420301653,0.8259949306226972,0.06493761024367936
201226,2,Sales,25604,30616,38269,45923,49.99999999999999,9.849910450773148,78.13261420301653,0.6690532807233008,-0.32743189390474947
201232,2,Administration,32242,30616,38269,45923,49.99999999999999,9.849910450773148,78.13261420301653,0.8425096030729834,0.1062259097145097
201238,2,Management,32874,30616,38269,45923,49.99999999999999,9.849910450773148,78.13261420301653,0.8590242755232694,0.14751420918534003
201242,2,Administration,36035,30616,38269,45923,49.99999999999999,9.849910450773148,78.13261420301653,0.9416237685855392,0.35402103612726205
201246,2,Sales,27817,30616,38269,45923,49.99999999999999,9.849910450773148,78.13261420301653,0.7268807651101413,-0.18285751616907298
201248,2,Administration,36984,30616,38269,45923,49.99999999999999,9.849910450773148,78.13261420301653,0.9664219080718075,0.41601881492127785
201250,2,Management,25920,30616,38269,45923,49.99999999999999,9.849910450773148,78.13261420301653,0.6773106169484439,-0.3067877441693343
201252,2,Administration,37300,30616,38269,45923,49.99999999999999,9.849910450773148,78.13261420301653,0.9746792442969505,0.436662964656693
201254,2,Sales,25604,30616,38269,45923,49.99999999999999,9.849910450773148,78.13261420301653,0.6690532807233008,-0.32743189390474947
201258,2,Administration,40145,30616,38269,45923,49.99999999999999,9.849910450773148,78.13261420301653,1.0490214011340773,0.6225256418631998
200026,4,Operations,44176,37311,46638,55965,50.0,9.856061411834949,24.532745337572628,0.9472104292636906,0.36801758336013723
200028,4,Management,36303,37311,46638,55965,50.0,9.856061411834949,24.532745337572628,0.7783995883185385,-0.05403666773882277
200034,4,Administration,58610,37311,46638,55965,50.0,9.856061411834949,24.532745337572628,1.2567005446202668,1.1417926450091134
200056,4,Engineering,50737,37311,46638,55965,50.0,9.856061411834949,24.532745337572628,1.0878897036751147,0.7197383939101534
200060,4,Engineering,53799,37311,46638,55965,50.0,9.856061411834949,24.532745337572628,1.1535443200823363,0.8838854937278868
200062,4,Administration,45489,37311,46638,55965,50.0,9.856061411834949,24.532745337572628,0.9753634375402033,0.4384046317143776
200064,4,Operations,51612,37311,46638,55965,50.0,9.856061411834949,24.532745337572628,1.1066512286118615,0.7666452235445481
200076,4,Operations,49862,37311,46638,55965,50.0,9.856061411834949,24.532745337572628,1.069128178738368,0.6728315642757585
200084,4,Operations,51175,37311,46638,55965,50.0,9.856061411834949,24.532745337572628,1.0972811870148806,0.7432186126299989
200268,4,Management,37616,37311,46638,55965,50.0,9.856061411834949,24.532745337572628,0.8065525965950513,0.016350380615417603
200272,4,Administration,57735,37311,46638,55965,50.0,9.856061411834949,24.532745337572628,1.2379390196835198,1.0948858153747185
200296,4,Administration,48113,37311,46638,55965,50.0,9.856061411834949,24.532745337572628,1.031626570607659,0.5790715128122654
200312,4,Management,50300,37311,46638,55965,50.0,9.856061411834949,24.532745337572628,1.0785196620781337,0.6963117829956041
200316,4,Administration,36741,37311,46638,55965,50.0,9.856061411834949,24.532745337572628,0.7877910716583044,-0.030556449018977163
200332,4,Management,58173,37311,46638,55965,50.0,9.856061411834949,24.532745337572628,1.2473305030232857,1.1183660340945643
200336,4,Administration,58173,37311,46638,55965,50.0,9.856061411834949,24.532745337572628,1.2473305030232857,1.1183660340945643
200352,4,Management,58610,37311,46638,55965,50.0,9.856061411834949,24.532745337572628,1.2567005446202668,1.1417926450091134
200356,4,Administration,37178,37311,46638,55965,50.0,9.856061411834949,24.532745337572628,0.7971611132552854,-0.007129838104428005
200372,4,Management,49425,37311,46638,55965,50.0,9.856061411834949,24.532745337572628,1.059758137141387,0.6494049533612094
200568,4,Administration,40240,37311,46638,55965,50.0,9.856061411834949,24.532745337572628,0.862815729662507,0.15701726171330546
200584,4,Management,54236,37311,46638,55965,50.0,9.856061411834949,24.532745337572628,1.1629143616793174,0.907312104642436
200588,4,Administration,50300,37311,46638,55965,50.0,9.856061411834949,24.532745337572628,1.0785196620781337,0.6963117829956041
200604,4,Management,43739,37311,46638,55965,50.0,9.856061411834949,24.532745337572628,0.9378403876667095,0.34459097244558806
200608,4,Administration,34991,37311,46638,55965,50.0,9.856061411834949,24.532745337572628,0.7502680217848107,-0.12437010828776669
200624,4,Management,38490,37311,46638,55965,50.0,9.856061411834949,24.532745337572628,0.8252926797890132,0.06320360244451592
200628,4,Administration,41115,37311,46638,55965,50.0,9.856061411834949,24.532745337572628,0.8815772545992538,0.20392409134770023
200644,4,Management,52049,37311,46638,55965,50.0,9.856061411834949,24.532745337572628,1.1160212702088426,0.7900718344590972
200648,4,Administration,34554,37311,46638,55965,50.0,9.856061411834949,24.532745337572628,0.7408979801878297,-0.14779671920231585
200686,4,Sales,57298,37311,46638,55965,50.0,9.856061411834949,24.532745337572628,1.228568978086539,1.0714592044601694
200688,4,Administration,46801,37311,46638,55965,50.0,9.856061411834949,24.532745337572628,1.0034950040739312,0.5087380722633216
200694,4,Management,50737,37311,46638,55965,50.0,9.856061411834949,24.532745337572628,1.0878897036751147,0.7197383939101534
200716,4,Management,36303,37311,46638,55965,50.0,9.856061411834949,24.532745337572628,0.7783995883185385,-0.05403666773882277
200720,4,Management,35866,37311,46638,55965,50.0,9.856061411834949,24.532745337572628,0.7690295467215575,-0.07746327865337194
200722,4,Management,47676,37311,46638,55965,50.0,9.856061411834949,24.532745337572628,1.022256529010678,0.5556449018977163
200724,4,Sales,39365,37311,46638,55965,50.0,9.856061411834949,24.532745337572628,0.8440542047257601,0.11011043207891069
200736,4,Sales,43739,37311,46638,55965,50.0,9.856061411834949,24.532745337572628,0.9378403876667095,0.34459097244558806
200744,4,Sales,41115,37311,46638,55965,50.0,9.856061411834949,24.532745337572628,0.8815772545992538,0.20392409134770023
200930,4,Administration,54236,37311,46638,55965,50.0,9.856061411834949,24.532745337572628,1.1629143616793174,0.907312104642436
200934,4,Sales,41552,37311,46638,55965,50.0,9.856061411834949,24.532745337572628,0.8909472961962348,0.22735070226224938
200954,4,Administration,34554,37311,46638,55965,50.0,9.856061411834949,24.532745337572628,0.7408979801878297,-0.14779671920231585
200992,4,Sales,57298,37311,46638,55965,50.0,9.856061411834949,24.532745337572628,1.228568978086539,1.0714592044601694
200994,4,Administration,46801,37311,46638,55965,50.0,9.856061411834949,24.532745337572628,1.0034950040739312,0.5087380722633216
201000,4,Management,50737,37311,46638,55965,50.0,9.856061411834949,24.532745337572628,1.0878897036751147,0.7197383939101534
201022,4,Management,36303,37311,46638,55965,50.0,9.856061411834949,24.532745337572628,0.7783995883185385,-0.05403666773882277
201026,4,Management,35866,37311,46638,55965,50.0,9.856061411834949,24.532745337572628,0.7690295467215575,-0.07746327865337194
201028,4,Management,47676,37311,46638,55965,50.0,9.856061411834949,24.532745337572628,1.022256529010678,0.5556449018977163
201030,4,Sales,39365,37311,46638,55965,50.0,9.856061411834949,24.532745337572628,0.8440542047257601,0.11011043207891069
201042,4,Sales,43739,37311,46638,55965,50.0,9.856061411834949,24.532745337572628,0.9378403876667095,0.34459097244558806
201050,4,Sales,41115,37311,46638,55965,50.0,9.856061411834949,24.532745337572628,0.8815772545992538,0.20392409134770023
201236,4,Administration,54236,37311,46638,55965,50.0,9.856061411834949,24.532745337572628,1.1629143616793174,0.907312104642436
201240,4,Sales,41552,37311,46638,55965,50.0,9.856061411834949,24.532745337572628,0.8909472961962348,0.22735070226224938
200002,5,Administration,54994,51389,64236,77084,49.999999999999964,37.73362733121366,-36.866869437343546,0.8561242916744505,0.1402996691963417
200004,5,Sales,67770,51389,64236,77084,49.999999999999964,37.73362733121366,-36.866869437343546,1.0550158789463853,0.6375170266588831
200006,5,Engineering,63881,51389,64236,77084,49.999999999999964,37.73362733121366,-36.866869437343546,0.994473503954169,0.4861646234676007
200014,5,Engineering,43884,51389,64236,77084,49.999999999999964,37.73362733121366,-36.866869437343546,0.6831683168316832,-0.2920801712395408
200052,5,Sales,73880,51389,64236,77084,49.999999999999964,37.73362733121366,-36.866869437343546,1.1501338813126596,0.875306479859895
200058,5,Administration,71103,51389,64236,77084,49.999999999999964,37.73362733121366,-36.866869437343546,1.1069026713992154,0.7672309787896477
200078,5,Management,74436,51389,64236,77084,49.999999999999964,37.73362733121366,-36.866869437343546,1.1587894638520455,0.8969449309204125
200124,5,Engineering,73880,51389,64236,77084,49.999999999999964,37.73362733121366,-36.866869437343546,1.1501338813126596,0.875306479859895
200132,5,Management,69992,51389,64236,77084,49.999999999999964,37.73362733121366,-36.866869437343546,1.0896070739149386,0.7239929947460595
200154,5,Management,57771,51389,64236,77084,49.999999999999964,37.73362733121366,-36.866869437343546,0.8993555015878947,0.24837517026658884
200158,5,Operations,67214,51389,64236,77084,49.999999999999964,37.73362733121366,-36.866869437343546,1.0463602964069991,0.6158785755983655
200172,5,Management,59437,51389,64236,77084,49.999999999999964,37.73362733121366,-36.866869437343546,0.9252911140170621,0.3132126872932477
200174,5,Engineering,56104,51389,64236,77084,49.999999999999964,37.73362733121366,-36.866869437343546,0.8734043215642319,0.18349873516248297
200176,5,Administration,52216,51389,64236,77084,49.999999999999964,37.73362733121366,-36.866869437343546,0.812877514166511,0.0321852500486476
200256,5,Management,59993,51389,64236,77084,49.999999999999964,37.73362733121366,-36.866869437343546,0.9339466965564481,0.33485113835376534
200260,5,Management,49994,51389,64236,77084,49.999999999999964,37.73362733121366,-36.866869437343546,0.7782863191979575,-0.0542907180385289
200262,5,Sales,62770,51389,64236,77084,49.999999999999964,37.73362733121366,-36.866869437343546,0.9771779064698922,0.44292663942401245
200266,5,Engineering,62770,51389,64236,77084,49.999999999999964,37.73362733121366,-36.866869437343546,0.9771779064698922,0.44292663942401245
200276,5,Management,68881,51389,64236,77084,49.999999999999964,37.73362733121366,-36.866869437343546,1.0723114764306618,0.6807550107024714
200662,5,Sales,49439,51389,64236,77084,49.999999999999964,37.73362733121366,-36.866869437343546,0.7696463042530668,-0.07589025102159953
200664,5,Administration,64437,51389,64236,77084,49.999999999999964,37.73362733121366,-36.866869437343546,1.003129086493555,0.5078030745281183
200666,5,Management,69992,51389,64236,77084,49.999999999999964,37.73362733121366,-36.866869437343546,1.0896070739149386,0.7239929947460595
200674,5,Administration,67214,51389,64236,77084,49.999999999999964,37.73362733121366,-36.866869437343546,1.0463602964069991,0.6158785755983655
200712,5,Administration,63326,51389,64236,77084,49.999999999999964,37.73362733121366,-36.866869437343546,0.9858334890092783,0.46456509048453004
200718,5,Management,54994,51389,64236,77084,49.999999999999964,37.73362733121366,-36.866869437343546,0.8561242916744505,0.1402996691963417
200738,5,Sales,60548,51389,64236,77084,49.999999999999964,37.73362733121366,-36.866869437343546,0.9425867115013388,0.35645067133683594
200784,5,Management,43884,51389,64236,77084,49.999999999999964,37.73362733121366,-36.866869437343546,0.6831683168316832,-0.2920801712395408
200794,5,Management,46661,51389,64236,77084,49.999999999999964,37.73362733121366,-36.866869437343546,0.7263995267451273,-0.18400467016929364
200816,5,Management,54438,51389,64236,77084,49.999999999999964,37.73362733121366,-36.866869437343546,0.8474687091350644,0.11866121813582409
200820,5,Administration,44439,51389,64236,77084,49.999999999999964,37.73362733121366,-36.866869437343546,0.6918083317765739,-0.2704806382564701
200834,5,Management,62215,51389,64236,77084,49.999999999999964,37.73362733121366,-36.866869437343546,0.9685378915250016,0.4213271064409418
200836,5,Sales,48883,51389,64236,77084,49.999999999999964,37.73362733121366,-36.866869437343546,0.7609907217136808,-0.09752870208211714
200838,5,Sales,52772,51389,64236,77084,49.999999999999964,37.73362733121366,-36.866869437343546,0.821533096705897,0.053823701109165206
200918,5,Management,69992,51389,64236,77084,49.999999999999964,37.73362733121366,-36.866869437343546,1.0896070739149386,0.7239929947460595
200922,5,Administration,53327,51389,64236,77084,49.999999999999964,37.73362733121366,-36.866869437343546,0.8301731116507877,0.07542323409223585
200924,5,Management,69992,51389,64236,77084,49.999999999999964,37.73362733121366,-36.866869437343546,1.0896070739149386,0.7239929947460595
200928,5,Sales,60548,51389,64236,77084,49.999999999999964,37.73362733121366,-36.866869437343546,0.9425867115013388,0.35645067133683594
200938,5,Management,62770,51389,64236,77084,49.999999999999964,37.73362733121366,-36.866869437343546,0.9771779064698922,0.44292663942401245
200968,5,Sales,49439,51389,64236,77084,49.999999999999964,37.73362733121366,-36.866869437343546,0.7696463042530668,-0.07589025102159953
200970,5,Administration,64437,51389,64236,77084,49.999999999999964,37.73362733121366,-36.866869437343546,1.003129086493555,0.5078030745281183
200972,5,Management,69992,51389,64236,77084,49.999999999999964,37.73362733121366,-36.866869437343546,1.0896070739149386,0.7239929947460595
200980,5,Administration,67214,51389,64236,77084,49.999999999999964,37.73362733121366,-36.866869437343546,1.0463602964069991,0.6158785755983655
201018,5,Administration,63326,51389,64236,77084,49.999999999999964,37.73362733121366,-36.866869437343546,0.9858334890092783,0.46456509048453004
201024,5,Management,54994,51389,64236,77084,49.999999999999964,37.73362733121366,-36.866869437343546,0.8561242916744505,0.1402996691963417
201044,5,Sales,60548,51389,64236,77084,49.999999999999964,37.73362733121366,-36.866869437343546,0.9425867115013388,0.35645067133683594
201090,5,Management,43884,51389,64236,77084,49.999999999999964,37.73362733121366,-36.866869437343546,0.6831683168316832,-0.2920801712395408
201100,5,Management,46661,51389,64236,77084,49.999999999999964,37.73362733121366,-36.866869437343546,0.7263995267451273,-0.18400467016929364
201122,5,Management,54438,51389,64236,77084,49.999999999999964,37.73362733121366,-36.866869437343546,0.8474687091350644,0.11866121813582409
201126,5,Administration,44439,51389,64236,77084,49.999999999999964,37.73362733121366,-36.866869437343546,0.6918083317765739,-0.2704806382564701
201140,5,Management,62215,51389,64236,77084,49.999999999999964,37.73362733121366,-36.866869437343546,0.9685378915250016,0.4213271064409418
201142,5,Sales,48883,51389,64236,77084,49.999999999999964,37.73362733121366,-36.866869437343546,0.7609907217136808,-0.09752870208211714
201144,5,Sales,52772,51389,64236,77084,49.999999999999964,37.73362733121366,-36.866869437343546,0.821533096705897,0.053823701109165206
201224,5,Management,69992,51389,64236,77084,49.999999999999964,37.73362733121366,-36.866869437343546,1.0896070739149386,0.7239929947460595
201228,5,Administration,53327,51389,64236,77084,49.999999999999964,37.73362733121366,-36.866869437343546,0.8301731116507877,0.07542323409223585
201230,5,Management,69992,51389,64236,77084,49.999999999999964,37.73362733121366,-36.866869437343546,1.0896070739149386,0.7239929947460595
201234,5,Sales,60548,51389,64236,77084,49.999999999999964,37.73362733121366,-36.866869437343546,0.9425867115013388,0.35645067133683594
201244,5,Management,62770,51389,64236,77084,49.999999999999964,37.73362733121366,-36.866869437343546,0.9771779064698922,0.44292663942401245
200008,7,Operations,131723,121724,152155,182585,49.99999999999997,40.62936484847774,91.52991342292736,0.8657158818310275,0.16429240400256323
200010,7,Sales,122857,121724,152155,182585,49.99999999999997,40.62936484847774,91.52991342292736,0.8074463540468602,0.01861619099258967
200012,7,Engineering,160854,121724,152155,182585,49.99999999999997,40.62936484847774,91.52991342292736,1.057171962801091,0.6429404709091208
200152,7,Operations,136790,121724,152155,182585,49.99999999999997,40.62936484847774,91.52991342292736,0.8990174493115572,0.2475476906393257
200156,7,Sales,165921,121724,152155,182585,49.99999999999997,40.62936484847774,91.52991342292736,1.0904735302816206,0.7261957575458833
200160,7,Management,159588,121724,152155,182585,49.99999999999997,40.62936484847774,91.52991342292736,1.0488515001150143,0.6221389724125467
200162,7,Engineering,125390,121724,152155,182585,49.99999999999997,40.62936484847774,91.52991342292736,0.8240938516644212,0.0602356188692266
200164,7,Management,124124,121724,152155,182585,49.99999999999997,40.62936484847774,91.52991342292736,0.8157733889783445,0.03943412037265244
200170,7,Operations,119058,121724,152155,182585,49.99999999999997,40.62936484847774,91.52991342292736,0.7824783937432224,-0.043804735380621414
200178,7,Operations,117791,121724,152155,182585,49.99999999999997,40.62936484847774,91.52991342292736,0.774151358811738,-0.06462266476068418
200668,7,Sales,167187,121724,152155,182585,49.99999999999997,40.62936484847774,91.52991342292736,1.0987939929676973,0.7469972560424574
200670,7,Administration,149455,121724,152155,182585,49.99999999999997,40.62936484847774,91.52991342292736,0.9822549373993625,0.4556448300225103
200672,7,Management,131723,121724,152155,182585,49.99999999999997,40.62936484847774,91.52991342292736,0.8657158818310275,0.16429240400256323
200814,7,Administration,153255,121724,152155,182585,49.99999999999997,40.62936484847774,91.52991342292736,1.007229469948408,0.51808218727921
200818,7,Management,100059,121724,152155,182585,49.99999999999997,40.62936484847774,91.52991342292736,0.6576123032434031,-0.3559750907806313
200822,7,Management,127924,121724,152155,182585,49.99999999999997,40.62936484847774,91.52991342292736,0.8407479215273899,0.10187147762935213
200824,7,Sales,111458,121724,152155,182585,49.99999999999997,40.62936484847774,91.52991342292736,0.7325293286451316,-0.1686794498940208
200826,7,Administration,168454,121724,152155,182585,49.99999999999997,40.62936484847774,91.52991342292736,1.1071210278991817,0.7678151854225201
200832,7,Administration,144389,121724,152155,182585,49.99999999999997,40.62936484847774,91.52991342292736,0.9489599421642404,0.37240597426923644
200840,7,Administration,154522,121724,152155,182585,49.99999999999997,40.62936484847774,91.52991342292736,1.0155565048798922,0.5389001166592727
200974,7,Sales,167187,121724,152155,182585,49.99999999999997,40.62936484847774,91.52991342292736,1.0987939929676973,0.7469972560424574
200976,7,Administration,149455,121724,152155,182585,49.99999999999997,40.62936484847774,91.52991342292736,0.9822549373993625,0.4556448300225103
200978,7,Management,131723,121724,152155,182585,49.99999999999997,40.62936484847774,91.52991342292736,0.8657158818310275,0.16429240400256323
201120,7,Administration,153255,121724,152155,182585,49.99999999999997,40.62936484847774,91.52991342292736,1.007229469948408,0.51808218727921
201124,7,Management,100059,121724,152155,182585,49.99999999999997,40.62936484847774,91.52991342292736,0.6576123032434031,-0.3559750907806313
201128,7,Management,127924,121724,152155,182585,49.99999999999997,40.62936484847774,91.52991342292736,0.8407479215273899,0.10187147762935213
201130,7,Sales,111458,121724,152155,182585,49.99999999999997,40.62936484847774,91.52991342292736,0.7325293286451316,-0.1686794498940208
201132,7,Administration,168454,121724,152155,182585,49.99999999999997,40.62936484847774,91.52991342292736,1.1071210278991817,0.7678151854225201
201138,7,Administration,144389,121724,152155,182585,49.99999999999997,40.62936484847774,91.52991342292736,0.9489599421642404,0.37240597426923644
201146,7,Administration,154522,121724,152155,182585,49.99999999999997,40.62936484847774,91.52991342292736,1.0155565048798922,0.5389001166592727
200018,8,Administration,126075,126879,158598,190318,49.99999999999998,4.235043288536322,22.93533803010008,0.7949343623500927,-0.012673591954475953
200326,8,Sales,175547,126879,158598,190318,49.99999999999998,4.235043288536322,22.93533803010008,1.1068676780287268,0.7671621557716862
200340,8,Sales,157992,126879,158598,190318,49.99999999999998,4.235043288536322,22.93533803010008,0.9961790186509287,0.49043963492488846
200346,8,Sales,130862,126879,158598,190318,49.99999999999998,4.235043288536322,22.93533803010008,0.8251175929078551,0.0627847223316887
200350,8,Administration,150013,126879,158598,190318,49.99999999999998,4.235043288536322,22.93533803010008,0.9458694308881574,0.36466526899856555
200678,8,Management,162780,126879,158598,190318,49.99999999999998,4.235043288536322,22.93533803010008,1.026368554458442,0.5659137123851259
200984,8,Management,162780,126879,158598,190318,49.99999999999998,4.235043288536322,22.93533803010008,1.026368554458442,0.5659137123851259
200032,9,Management,255373,175768,219710,263652,49.99999999999999,38.53233098494995,64.2576806319548,1.1623185107641891,0.9057962769104729
200168,9,Administration,243212,175768,219710,263652,49.99999999999999,38.53233098494995,64.2576806319548,1.1069682763642983,0.7674206909107459
200330,9,Engineering,194570,175768,219710,263652,49.99999999999999,38.53233098494995,64.2576806319548,0.8855764416731146,0.2139411041827864
200344,9,Management,263480,175768,219710,263652,49.99999999999999,38.53233098494995,64.2576806319548,1.1992171498793864,0.9980428746984662
200360,9,Sales,180383,175768,219710,263652,49.99999999999999,38.53233098494995,64.2576806319548,0.8210049610850667,0.052512402712666696
200692,9,Sales,166195,175768,219710,263652,49.99999999999999,38.53233098494995,64.2576806319548,0.7564289290428292,-0.10892767739292704
200830,9,Sales,168222,175768,219710,263652,49.99999999999999,38.53233098494995,64.2576806319548,0.7656547266851759,-0.08586318328706022
200998,9,Sales,166195,175768,219710,263652,49.99999999999999,38.53233098494995,64.2576806319548,0.7564289290428292,-0.10892767739292704
201136,9,Sales,168222,175768,219710,263652,49.99999999999999,38.53233098494995,64.2576806319548,0.7656547266851759,-0.08586318328706022
200000,10,Operations,286687,207180,258975,310769,49.99999999999999,17.871159684022597,,1.1070064678057727,0.7675235787583624
200660,10,Administration,201814,207180,258975,310769,49.99999999999999,17.871159684022597,,0.7792798532676899,-0.051800866887410826
200966,10,Sales,241814,207180,258975,310769,49.99999999999999,17.871159684022597,,0.9337349164977314,0.33434051878095167
